{
  "project_info": {
    "project_number": "146467411673",
    "project_id": "otp-login-8d85b",
    "storage_bucket": "otp-login-8d85b.appspot.com"
  },
  "client": [
    {
      "client_info": {
        "mobilesdk_app_id": "1:146467411673:android:e27c810f96d7f0ee0110c8",
        "android_client_info": {
          "package_name": "com.amarapps.healthmonitorin"
        }
      },
      "oauth_client": [
        {
          "client_id": "146467411673-ota08qfc8pob8nfgqg8b6nv3ge37kl83.apps.googleusercontent.com",
          "client_type": 1,
          "android_info": {
            "package_name": "com.amarapps.healthmonitorin",
            "certificate_hash": "2cb7a0dbdb0492aa44d30c94030592dac2645653"
          }
        },
        {
          "client_id": "146467411673-qveqst92u9jua615b4gpns73plksvuk0.apps.googleusercontent.com",
          "client_type": 3
        }
      ],
      "api_key": [
        {
          "current_key": "AIzaSyDfljxO1kImSpPsZBbn3FYFks8vYiSOjP4"
        }
      ],
      "services": {
        "appinvite_service": {
          "other_platform_oauth_client": [
            {
              "client_id": "146467411673-qveqst92u9jua615b4gpns73plksvuk0.apps.googleusercontent.com",
              "client_type": 3
            }
          ]
        }
      }
    }
  ],
  "configuration_version": "1"
}